{"accuracy": [0.5901557803153992, 0.851867139339447, 0.9121416807174683, 0.9373924136161804, 0.9527420401573181, 0.9628849625587463, 0.9706522226333618, 0.9746354818344116, 0.9790170192718506, 0.9819474816322327], "loss": [1.3870691061019897, 0.46656256914138794, 0.2756667733192444, 0.18878304958343506, 0.13985197246074677, 0.11134179681539536, 0.08972325176000595, 0.07615773379802704, 0.06660196185112, 0.05685148015618324], "val_accuracy": [0.8290461897850037, 0.8913612365722656, 0.9155474901199341, 0.9333029985427856, 0.9503756165504456, 0.9511722922325134, 0.9592533707618713, 0.9473594427108765, 0.9660254716873169, 0.9594810009002686], "val_loss": [0.5449187755584717, 0.3353388011455536, 0.2622309923171997, 0.21554753184318542, 0.15942643582820892, 0.15462593734264374, 0.1317676156759262, 0.18053767085075378, 0.10947950184345245, 0.1405157595872879]}