{"accuracy": [0.5983355641365051, 0.8647130131721497, 0.9165943264961243, 0.9404509663581848, 0.9562557935714722, 0.9650615453720093, 0.9715769290924072, 0.9770680665969849, 0.9800981283187866, 0.9828864336013794], "loss": [1.3673653602600098, 0.42330604791641235, 0.25786203145980835, 0.18162454664707184, 0.13228870928287506, 0.10563358664512634, 0.08809007704257965, 0.07181074470281601, 0.06230894476175308, 0.05180083587765694], "val_accuracy": [0.8013885617256165, 0.8887434601783752, 0.9410994648933411, 0.9335306286811829, 0.9578875303268433, 0.9562371969223022, 0.9554404616355896, 0.9554973840713501, 0.9535055756568909, 0.960050106048584], "val_loss": [0.6238196492195129, 0.3484841585159302, 0.17800074815750122, 0.20257596671581268, 0.13977426290512085, 0.1428297609090805, 0.13843296468257904, 0.151936873793602, 0.14920616149902344, 0.14730818569660187]}